"","sample","length","campaignid","scientific"
"1","NCB1210",582.21896,"2015-08_Ningaloo.deep.sanctuaries_stereoBRUVs","Lethrinus nebulosus"
"2","NCB1210",580.23626,"2015-08_Ningaloo.deep.sanctuaries_stereoBRUVs","Lethrinus nebulosus"
"3","NCB1210",513.04157,"2015-08_Ningaloo.deep.sanctuaries_stereoBRUVs","Lethrinus nebulosus"
"4","NCB1210",475.09925,"2015-08_Ningaloo.deep.sanctuaries_stereoBRUVs","Lethrinus nebulosus"
"5","NCB1210",495.8232,"2015-08_Ningaloo.deep.sanctuaries_stereoBRUVs","Lethrinus nebulosus"
"6","NCB1210",477.97246,"2015-08_Ningaloo.deep.sanctuaries_stereoBRUVs","Lethrinus nebulosus"
"7","NCB1210",589.78818,"2015-08_Ningaloo.deep.sanctuaries_stereoBRUVs","Lethrinus nebulosus"
"8","NCB1210",484.71157,"2015-08_Ningaloo.deep.sanctuaries_stereoBRUVs","Lethrinus nebulosus"
"9","NCB1184",457.3774,"2015-08_Ningaloo.deep.sanctuaries_stereoBRUVs","Lethrinus nebulosus"
"10","NCB1184",511.0303,"2015-08_Ningaloo.deep.sanctuaries_stereoBRUVs","Lethrinus nebulosus"
"11","NCB1184",507.8832,"2015-08_Ningaloo.deep.sanctuaries_stereoBRUVs","Lethrinus nebulosus"
"12","NCB1184",415.819,"2015-08_Ningaloo.deep.sanctuaries_stereoBRUVs","Lethrinus nebulosus"
"13","NCB1184",455.45757,"2015-08_Ningaloo.deep.sanctuaries_stereoBRUVs","Lethrinus nebulosus"
"14","NCB1184",398.75639,"2015-08_Ningaloo.deep.sanctuaries_stereoBRUVs","Lethrinus nebulosus"
"15","NCB1140",664.03843,"2015-08_Ningaloo.deep.sanctuaries_stereoBRUVs","Lethrinus nebulosus"
"16","NCB1190",589.30014,"2015-08_Ningaloo.deep.sanctuaries_stereoBRUVs","Lethrinus nebulosus"
"17","NCB1190",656.22254,"2015-08_Ningaloo.deep.sanctuaries_stereoBRUVs","Lethrinus nebulosus"
"18","NCB1142",641.38968,"2015-08_Ningaloo.deep.sanctuaries_stereoBRUVs","Lethrinus nebulosus"
"19","NCB1213",518.62939,"2015-08_Ningaloo.deep.sanctuaries_stereoBRUVs","Lethrinus nebulosus"
"20","NCB1213",493.20592,"2015-08_Ningaloo.deep.sanctuaries_stereoBRUVs","Lethrinus nebulosus"
"21","NCB1213",484.14175,"2015-08_Ningaloo.deep.sanctuaries_stereoBRUVs","Lethrinus nebulosus"
"22","NCB1213",500.06358,"2015-08_Ningaloo.deep.sanctuaries_stereoBRUVs","Lethrinus nebulosus"
"23","NCB1213",475.22514,"2015-08_Ningaloo.deep.sanctuaries_stereoBRUVs","Lethrinus nebulosus"
"24","NCB1213",539.21188,"2015-08_Ningaloo.deep.sanctuaries_stereoBRUVs","Lethrinus nebulosus"
"25","NCB1045",211.23829,"2015-08_Ningaloo.deep.sanctuaries_stereoBRUVs","Lethrinus nebulosus"
"26","NCB1038",613.24007,"2015-08_Ningaloo.deep.sanctuaries_stereoBRUVs","Lethrinus nebulosus"
"27","NCB1145",551.52679,"2015-08_Ningaloo.deep.sanctuaries_stereoBRUVs","Lethrinus nebulosus"
"28","NCB1145",592.9365,"2015-08_Ningaloo.deep.sanctuaries_stereoBRUVs","Lethrinus nebulosus"
"29","NCB1145",517.30838,"2015-08_Ningaloo.deep.sanctuaries_stereoBRUVs","Lethrinus nebulosus"
"30","NCB1145",561.87886,"2015-08_Ningaloo.deep.sanctuaries_stereoBRUVs","Lethrinus nebulosus"
"31","NCB1145",507.30685,"2015-08_Ningaloo.deep.sanctuaries_stereoBRUVs","Lethrinus nebulosus"
"32","NCB1145",534.02387,"2015-08_Ningaloo.deep.sanctuaries_stereoBRUVs","Lethrinus nebulosus"
"33","NCB1145",543.59566,"2015-08_Ningaloo.deep.sanctuaries_stereoBRUVs","Lethrinus nebulosus"
"34","NCB1126",369.35779,"2015-08_Ningaloo.deep.sanctuaries_stereoBRUVs","Lethrinus nebulosus"
"35","NCB1188",274.95112,"2015-08_Ningaloo.deep.sanctuaries_stereoBRUVs","Lethrinus nebulosus"
"36","NCB1188",316.64852,"2015-08_Ningaloo.deep.sanctuaries_stereoBRUVs","Lethrinus nebulosus"
"37","NCB1188",366.15629,"2015-08_Ningaloo.deep.sanctuaries_stereoBRUVs","Lethrinus nebulosus"
"38","NCB1188",263.55184,"2015-08_Ningaloo.deep.sanctuaries_stereoBRUVs","Lethrinus nebulosus"
"39","NCB1188",505.26349,"2015-08_Ningaloo.deep.sanctuaries_stereoBRUVs","Lethrinus nebulosus"
"40","NCB1188",286.18055,"2015-08_Ningaloo.deep.sanctuaries_stereoBRUVs","Lethrinus nebulosus"
"41","NCB1188",343.77473,"2015-08_Ningaloo.deep.sanctuaries_stereoBRUVs","Lethrinus nebulosus"
"42","NCB1188",377.60387,"2015-08_Ningaloo.deep.sanctuaries_stereoBRUVs","Lethrinus nebulosus"
"43","NCB1188",377.05445,"2015-08_Ningaloo.deep.sanctuaries_stereoBRUVs","Lethrinus nebulosus"
"44","NCB1048",450.55183,"2015-08_Ningaloo.deep.sanctuaries_stereoBRUVs","Lethrinus nebulosus"
"45","NCB1174",605.43625,"2015-08_Ningaloo.deep.sanctuaries_stereoBRUVs","Lethrinus nebulosus"
"46","NCB1182",364.46439,"2015-08_Ningaloo.deep.sanctuaries_stereoBRUVs","Lethrinus nebulosus"
"47","NCB1182",319.19673,"2015-08_Ningaloo.deep.sanctuaries_stereoBRUVs","Lethrinus nebulosus"
"48","NCB1182",480.50431,"2015-08_Ningaloo.deep.sanctuaries_stereoBRUVs","Lethrinus nebulosus"
"49","NCB1152",438.14262,"2015-08_Ningaloo.deep.sanctuaries_stereoBRUVs","Lethrinus nebulosus"
"50","NCB1152",503.15658,"2015-08_Ningaloo.deep.sanctuaries_stereoBRUVs","Lethrinus nebulosus"
"51","NCB1180",555.61666,"2015-08_Ningaloo.deep.sanctuaries_stereoBRUVs","Lethrinus nebulosus"
"52","NCB1039",649.46525,"2015-08_Ningaloo.deep.sanctuaries_stereoBRUVs","Lethrinus nebulosus"
"53","NCB1173",678.65589,"2015-08_Ningaloo.deep.sanctuaries_stereoBRUVs","Lethrinus nebulosus"
"54","NCB1173",418.25435,"2015-08_Ningaloo.deep.sanctuaries_stereoBRUVs","Lethrinus nebulosus"
"55","NCB1173",429.45682,"2015-08_Ningaloo.deep.sanctuaries_stereoBRUVs","Lethrinus nebulosus"
"56","NCB1173",563.41035,"2015-08_Ningaloo.deep.sanctuaries_stereoBRUVs","Lethrinus nebulosus"
"57","NCB1173",426.47276,"2015-08_Ningaloo.deep.sanctuaries_stereoBRUVs","Lethrinus nebulosus"
"58","NCB1173",426.22841,"2015-08_Ningaloo.deep.sanctuaries_stereoBRUVs","Lethrinus nebulosus"
"59","NCB1041",398.27966,"2015-08_Ningaloo.deep.sanctuaries_stereoBRUVs","Lethrinus nebulosus"
"60","NCB1041",371.10218,"2015-08_Ningaloo.deep.sanctuaries_stereoBRUVs","Lethrinus nebulosus"
"61","NCB1041",456.62892,"2015-08_Ningaloo.deep.sanctuaries_stereoBRUVs","Lethrinus nebulosus"
"62","NCB1149",453.62579,"2015-08_Ningaloo.deep.sanctuaries_stereoBRUVs","Lethrinus nebulosus"
"63","NCB1149",441.71084,"2015-08_Ningaloo.deep.sanctuaries_stereoBRUVs","Lethrinus nebulosus"
"64","NCB1149",453.67895,"2015-08_Ningaloo.deep.sanctuaries_stereoBRUVs","Lethrinus nebulosus"
"65","NCB1149",431.99249,"2015-08_Ningaloo.deep.sanctuaries_stereoBRUVs","Lethrinus nebulosus"
"66","NCB1186",595.45052,"2015-08_Ningaloo.deep.sanctuaries_stereoBRUVs","Lethrinus nebulosus"
"67","NCB1186",558.8192,"2015-08_Ningaloo.deep.sanctuaries_stereoBRUVs","Lethrinus nebulosus"
"68","NCB1186",537.6579,"2015-08_Ningaloo.deep.sanctuaries_stereoBRUVs","Lethrinus nebulosus"
"69","NCB1186",474.14137,"2015-08_Ningaloo.deep.sanctuaries_stereoBRUVs","Lethrinus nebulosus"
"70","NCB1186",562.39648,"2015-08_Ningaloo.deep.sanctuaries_stereoBRUVs","Lethrinus nebulosus"
"71","NCB1211",572.09701,"2015-08_Ningaloo.deep.sanctuaries_stereoBRUVs","Lethrinus nebulosus"
"72","NCB1211",562.09266,"2015-08_Ningaloo.deep.sanctuaries_stereoBRUVs","Lethrinus nebulosus"
"73","NCB1211",522.3665,"2015-08_Ningaloo.deep.sanctuaries_stereoBRUVs","Lethrinus nebulosus"
"74","NCB1211",440.71713,"2015-08_Ningaloo.deep.sanctuaries_stereoBRUVs","Lethrinus nebulosus"
"75","NCB1187",378.35514,"2015-08_Ningaloo.deep.sanctuaries_stereoBRUVs","Lethrinus nebulosus"
"76","NCB1165",334.19528,"2015-08_Ningaloo.deep.sanctuaries_stereoBRUVs","Lethrinus nebulosus"
"77","NCB1165",487.44268,"2015-08_Ningaloo.deep.sanctuaries_stereoBRUVs","Lethrinus nebulosus"
"78","NCB1209",610.35726,"2015-08_Ningaloo.deep.sanctuaries_stereoBRUVs","Lethrinus nebulosus"
"79","NCB1216",522.36483,"2015-08_Ningaloo.deep.sanctuaries_stereoBRUVs","Lethrinus nebulosus"
"80","NCB1181",233.89982,"2015-08_Ningaloo.deep.sanctuaries_stereoBRUVs","Lethrinus nebulosus"
"81","NCB1181",427.55366,"2015-08_Ningaloo.deep.sanctuaries_stereoBRUVs","Lethrinus nebulosus"
"82","NCB1164",400.01945,"2015-08_Ningaloo.deep.sanctuaries_stereoBRUVs","Lethrinus nebulosus"
"83","NCB1164",420.81459,"2015-08_Ningaloo.deep.sanctuaries_stereoBRUVs","Lethrinus nebulosus"
"84","NCB1164",393.93369,"2015-08_Ningaloo.deep.sanctuaries_stereoBRUVs","Lethrinus nebulosus"
"85","NCB1164",405.08391,"2015-08_Ningaloo.deep.sanctuaries_stereoBRUVs","Lethrinus nebulosus"
"86","NCB1164",427.56621,"2015-08_Ningaloo.deep.sanctuaries_stereoBRUVs","Lethrinus nebulosus"
"87","NCB1164",531.55316,"2015-08_Ningaloo.deep.sanctuaries_stereoBRUVs","Lethrinus nebulosus"
"88","NCB1164",442.76514,"2015-08_Ningaloo.deep.sanctuaries_stereoBRUVs","Lethrinus nebulosus"
"89","NCB1164",366.39702,"2015-08_Ningaloo.deep.sanctuaries_stereoBRUVs","Lethrinus nebulosus"
"90","NCB1164",432.92027,"2015-08_Ningaloo.deep.sanctuaries_stereoBRUVs","Lethrinus nebulosus"
"91","NCB1164",480.18555,"2015-08_Ningaloo.deep.sanctuaries_stereoBRUVs","Lethrinus nebulosus"
"92","NCB1164",363.67618,"2015-08_Ningaloo.deep.sanctuaries_stereoBRUVs","Lethrinus nebulosus"
"93","NCB1053",510.18429,"2015-08_Ningaloo.deep.sanctuaries_stereoBRUVs","Lethrinus nebulosus"
"94","NCB1167",312.33164,"2015-08_Ningaloo.deep.sanctuaries_stereoBRUVs","Lethrinus nebulosus"
"95","NCB1167",578.8814,"2015-08_Ningaloo.deep.sanctuaries_stereoBRUVs","Lethrinus nebulosus"
"96","NCB1167",367.65847,"2015-08_Ningaloo.deep.sanctuaries_stereoBRUVs","Lethrinus nebulosus"
"97","NCB1167",503.65824,"2015-08_Ningaloo.deep.sanctuaries_stereoBRUVs","Lethrinus nebulosus"
"98","NCB1167",483.93869,"2015-08_Ningaloo.deep.sanctuaries_stereoBRUVs","Lethrinus nebulosus"
"99","NCB1167",531.68715,"2015-08_Ningaloo.deep.sanctuaries_stereoBRUVs","Lethrinus nebulosus"
"100","NCB1176",567.90431,"2015-08_Ningaloo.deep.sanctuaries_stereoBRUVs","Lethrinus nebulosus"
"101","NCB1150",415.62435,"2015-08_Ningaloo.deep.sanctuaries_stereoBRUVs","Lethrinus nebulosus"
"102","NCB1192",478.0961,"2015-08_Ningaloo.deep.sanctuaries_stereoBRUVs","Lethrinus nebulosus"
"103","NCB1192",670.55894,"2015-08_Ningaloo.deep.sanctuaries_stereoBRUVs","Lethrinus nebulosus"
"104","NCB1178",509.05147,"2015-08_Ningaloo.deep.sanctuaries_stereoBRUVs","Lethrinus nebulosus"
"105","NCB1178",571.35804,"2015-08_Ningaloo.deep.sanctuaries_stereoBRUVs","Lethrinus nebulosus"
"106","NCB1178",466.78428,"2015-08_Ningaloo.deep.sanctuaries_stereoBRUVs","Lethrinus nebulosus"
"107","NCB1178",532.45232,"2015-08_Ningaloo.deep.sanctuaries_stereoBRUVs","Lethrinus nebulosus"
"108","NCB1178",440.83814,"2015-08_Ningaloo.deep.sanctuaries_stereoBRUVs","Lethrinus nebulosus"
"109","NCB1178",476.65452,"2015-08_Ningaloo.deep.sanctuaries_stereoBRUVs","Lethrinus nebulosus"
"110","NCB1178",491.75823,"2015-08_Ningaloo.deep.sanctuaries_stereoBRUVs","Lethrinus nebulosus"
"111","NCB1178",439.0826,"2015-08_Ningaloo.deep.sanctuaries_stereoBRUVs","Lethrinus nebulosus"
"112","NCB1178",496.78387,"2015-08_Ningaloo.deep.sanctuaries_stereoBRUVs","Lethrinus nebulosus"
"113","NCB1178",378.55515,"2015-08_Ningaloo.deep.sanctuaries_stereoBRUVs","Lethrinus nebulosus"
"114","NCB1178",397.42192,"2015-08_Ningaloo.deep.sanctuaries_stereoBRUVs","Lethrinus nebulosus"
"115","NCB1178",427.19562,"2015-08_Ningaloo.deep.sanctuaries_stereoBRUVs","Lethrinus nebulosus"
"116","NCB1178",471.90079,"2015-08_Ningaloo.deep.sanctuaries_stereoBRUVs","Lethrinus nebulosus"
"117","NCB1178",425.77596,"2015-08_Ningaloo.deep.sanctuaries_stereoBRUVs","Lethrinus nebulosus"
"118","NCB1178",472.7681,"2015-08_Ningaloo.deep.sanctuaries_stereoBRUVs","Lethrinus nebulosus"
"119","NCB1054",550.34576,"2015-08_Ningaloo.deep.sanctuaries_stereoBRUVs","Lethrinus nebulosus"
"120","NMP_20190803_MF-1_BRUV",495.45784,"2019-08_Ningaloo.MP.Monitoring_stereoBRUVs","Lethrinus nebulosus"
"121","NMP_20190803_MF-1_BRUV",577.98706,"2019-08_Ningaloo.MP.Monitoring_stereoBRUVs","Lethrinus nebulosus"
"122","NMP_20190803_MF-1_BRUV",564.81946,"2019-08_Ningaloo.MP.Monitoring_stereoBRUVs","Lethrinus nebulosus"
"123","NMP_20190803_MF-1_BRUV",537.40862,"2019-08_Ningaloo.MP.Monitoring_stereoBRUVs","Lethrinus nebulosus"
"124","NMP_20190803_MF-1_BRUV",531.10235,"2019-08_Ningaloo.MP.Monitoring_stereoBRUVs","Lethrinus nebulosus"
"125","NMP_20190803_MF-3_BRUV",484.38391,"2019-08_Ningaloo.MP.Monitoring_stereoBRUVs","Lethrinus nebulosus"
"126","NMP_20190803_MF-5_BRUV",429.42536,"2019-08_Ningaloo.MP.Monitoring_stereoBRUVs","Lethrinus nebulosus"
"127","NMP_20190803_MF-5_BRUV",319.64094,"2019-08_Ningaloo.MP.Monitoring_stereoBRUVs","Lethrinus nebulosus"
"128","NMP_20190803_MF-7_BRUV",540.55549,"2019-08_Ningaloo.MP.Monitoring_stereoBRUVs","Lethrinus nebulosus"
"129","NMP_20190803_MF-7_BRUV",609.58056,"2019-08_Ningaloo.MP.Monitoring_stereoBRUVs","Lethrinus nebulosus"
"130","NMP_20190803_MF-7_BRUV",577.77592,"2019-08_Ningaloo.MP.Monitoring_stereoBRUVs","Lethrinus nebulosus"
"131","NMP_20190803_MF-9_BRUV",555.26793,"2019-08_Ningaloo.MP.Monitoring_stereoBRUVs","Lethrinus nebulosus"
"132","NMP_20190803_MF-10_BRUV",474.98361,"2019-08_Ningaloo.MP.Monitoring_stereoBRUVs","Lethrinus nebulosus"
"133","NMP_20190803_MF-11_BRUV",560.83022,"2019-08_Ningaloo.MP.Monitoring_stereoBRUVs","Lethrinus nebulosus"
"134","NMP_20190803_MF-11_BRUV",533.96975,"2019-08_Ningaloo.MP.Monitoring_stereoBRUVs","Lethrinus nebulosus"
"135","NMP_20190803_MF-12_BRUV",565.76144,"2019-08_Ningaloo.MP.Monitoring_stereoBRUVs","Lethrinus nebulosus"
"136","NMP_20190803_MF-12_BRUV",488.87328,"2019-08_Ningaloo.MP.Monitoring_stereoBRUVs","Lethrinus nebulosus"
"137","NMP_20190803_MF-14_BRUV",549.77527,"2019-08_Ningaloo.MP.Monitoring_stereoBRUVs","Lethrinus nebulosus"
"138","NMP_20190803_MF-14_BRUV",598.2668,"2019-08_Ningaloo.MP.Monitoring_stereoBRUVs","Lethrinus nebulosus"
"139","NMP_20190803_MF-22_BRUV",510.30815,"2019-08_Ningaloo.MP.Monitoring_stereoBRUVs","Lethrinus nebulosus"
"140","NMP_20190803_MF-24_BRUV",519.17746,"2019-08_Ningaloo.MP.Monitoring_stereoBRUVs","Lethrinus nebulosus"
"141","NMP_20190803_MF-25_BRUV",580.32581,"2019-08_Ningaloo.MP.Monitoring_stereoBRUVs","Lethrinus nebulosus"
"142","NMP_20190803_MF-25_BRUV",556.07915,"2019-08_Ningaloo.MP.Monitoring_stereoBRUVs","Lethrinus nebulosus"
"143","NMP_20190803_MF-29_BRUV",490.37063,"2019-08_Ningaloo.MP.Monitoring_stereoBRUVs","Lethrinus nebulosus"
"144","NMP_20190803_MF-29_BRUV",381.10615,"2019-08_Ningaloo.MP.Monitoring_stereoBRUVs","Lethrinus nebulosus"
"145","NMP_20190803_MF-29_BRUV",397.68296,"2019-08_Ningaloo.MP.Monitoring_stereoBRUVs","Lethrinus nebulosus"
"146","NMP_20190803_MF-30_BRUV",605.59903,"2019-08_Ningaloo.MP.Monitoring_stereoBRUVs","Lethrinus nebulosus"
"147","NMP_20190804_MF-36_BRUV",566.46303,"2019-08_Ningaloo.MP.Monitoring_stereoBRUVs","Lethrinus nebulosus"
"148","NMP_20190804_MF-36_BRUV",542.33738,"2019-08_Ningaloo.MP.Monitoring_stereoBRUVs","Lethrinus nebulosus"
"149","NMP_20190804_MF-40_BRUV",539.71692,"2019-08_Ningaloo.MP.Monitoring_stereoBRUVs","Lethrinus nebulosus"
"150","NMP_20190804_MF-40_BRUV",569.19194,"2019-08_Ningaloo.MP.Monitoring_stereoBRUVs","Lethrinus nebulosus"
"151","NMP_20190804_MF-40_BRUV",597.12302,"2019-08_Ningaloo.MP.Monitoring_stereoBRUVs","Lethrinus nebulosus"
"152","NMP_20190804_MS-41_BRUV",554.05048,"2019-08_Ningaloo.MP.Monitoring_stereoBRUVs","Lethrinus nebulosus"
"153","NMP_20190804_MS-41_BRUV",615.38868,"2019-08_Ningaloo.MP.Monitoring_stereoBRUVs","Lethrinus nebulosus"
"154","NMP_20190804_MS-41_BRUV",578.40722,"2019-08_Ningaloo.MP.Monitoring_stereoBRUVs","Lethrinus nebulosus"
"155","NMP_20190804_MS-41_BRUV",593.9737,"2019-08_Ningaloo.MP.Monitoring_stereoBRUVs","Lethrinus nebulosus"
"156","NMP_20190804_MS-42_BRUV",413.14776,"2019-08_Ningaloo.MP.Monitoring_stereoBRUVs","Lethrinus nebulosus"
"157","NMP_20190804_MS-42_BRUV",426.97316,"2019-08_Ningaloo.MP.Monitoring_stereoBRUVs","Lethrinus nebulosus"
"158","NMP_20190804_MS-42_BRUV",515.2428,"2019-08_Ningaloo.MP.Monitoring_stereoBRUVs","Lethrinus nebulosus"
"159","NMP_20190804_MS-42_BRUV",403.29453,"2019-08_Ningaloo.MP.Monitoring_stereoBRUVs","Lethrinus nebulosus"
"160","NMP_20190804_MS-42_BRUV",415.11073,"2019-08_Ningaloo.MP.Monitoring_stereoBRUVs","Lethrinus nebulosus"
"161","NMP_20190804_MS-42_BRUV",407.43759,"2019-08_Ningaloo.MP.Monitoring_stereoBRUVs","Lethrinus nebulosus"
"162","NMP_20190804_MS-42_BRUV",427.5271,"2019-08_Ningaloo.MP.Monitoring_stereoBRUVs","Lethrinus nebulosus"
"163","NMP_20190804_MS-42_BRUV",426.42256,"2019-08_Ningaloo.MP.Monitoring_stereoBRUVs","Lethrinus nebulosus"
"164","NMP_20190804_MS-42_BRUV",396.82298,"2019-08_Ningaloo.MP.Monitoring_stereoBRUVs","Lethrinus nebulosus"
"165","NMP_20190804_MS-43_BRUV",553.07078,"2019-08_Ningaloo.MP.Monitoring_stereoBRUVs","Lethrinus nebulosus"
"166","NMP_20190804_MS-43_BRUV",501.3635,"2019-08_Ningaloo.MP.Monitoring_stereoBRUVs","Lethrinus nebulosus"
"167","NMP_20190804_MS-43_BRUV",505.28139,"2019-08_Ningaloo.MP.Monitoring_stereoBRUVs","Lethrinus nebulosus"
"168","NMP_20190804_MS-43_BRUV",383.77261,"2019-08_Ningaloo.MP.Monitoring_stereoBRUVs","Lethrinus nebulosus"
"169","NMP_20190804_MS-46_BRUV",575.09352,"2019-08_Ningaloo.MP.Monitoring_stereoBRUVs","Lethrinus nebulosus"
"170","NMP_20190804_MS-46_BRUV",535.67426,"2019-08_Ningaloo.MP.Monitoring_stereoBRUVs","Lethrinus nebulosus"
"171","NMP_20190804_MS-47_BRUV",612.37386,"2019-08_Ningaloo.MP.Monitoring_stereoBRUVs","Lethrinus nebulosus"
"172","NMP_20190804_MS-55_BRUV",324.00692,"2019-08_Ningaloo.MP.Monitoring_stereoBRUVs","Lethrinus nebulosus"
"173","NMP_20190804_MS-55_BRUV",329.4168,"2019-08_Ningaloo.MP.Monitoring_stereoBRUVs","Lethrinus nebulosus"
"174","NMP_20190804_MS-55_BRUV",366.58333,"2019-08_Ningaloo.MP.Monitoring_stereoBRUVs","Lethrinus nebulosus"
"175","NMP_20190804_MS-55_BRUV",335.0171,"2019-08_Ningaloo.MP.Monitoring_stereoBRUVs","Lethrinus nebulosus"
"176","NMP_20190804_MS-55_BRUV",301.28531,"2019-08_Ningaloo.MP.Monitoring_stereoBRUVs","Lethrinus nebulosus"
"177","NMP_20190805_MF-63_BRUV",501.26139,"2019-08_Ningaloo.MP.Monitoring_stereoBRUVs","Lethrinus nebulosus"
"178","NMP_20190805_MF-65_BRUV",496.45484,"2019-08_Ningaloo.MP.Monitoring_stereoBRUVs","Lethrinus nebulosus"
"179","NMP_20190805_MF-66_BRUV",442.62947,"2019-08_Ningaloo.MP.Monitoring_stereoBRUVs","Lethrinus nebulosus"
"180","NMP_20190805_MF-66_BRUV",499.62598,"2019-08_Ningaloo.MP.Monitoring_stereoBRUVs","Lethrinus nebulosus"
"181","NMP_20190805_MF-66_BRUV",389.20378,"2019-08_Ningaloo.MP.Monitoring_stereoBRUVs","Lethrinus nebulosus"
"182","NMP_20190805_MF-66_BRUV",406.41088,"2019-08_Ningaloo.MP.Monitoring_stereoBRUVs","Lethrinus nebulosus"
"183","NMP_20190805_MF-66_BRUV",513.24068,"2019-08_Ningaloo.MP.Monitoring_stereoBRUVs","Lethrinus nebulosus"
"184","NMP_20190805_MF-66_BRUV",417.78625,"2019-08_Ningaloo.MP.Monitoring_stereoBRUVs","Lethrinus nebulosus"
"185","NMP_20190805_MF-69_BRUV",568.00359,"2019-08_Ningaloo.MP.Monitoring_stereoBRUVs","Lethrinus nebulosus"
"186","NMP_20190805_OS-5_BRUV",614.7697,"2019-08_Ningaloo.MP.Monitoring_stereoBRUVs","Lethrinus nebulosus"
"187","NMP_20190805_OS-6_BRUV",557.63543,"2019-08_Ningaloo.MP.Monitoring_stereoBRUVs","Lethrinus nebulosus"
"188","NMP_20190805_OS-6_BRUV",584.29697,"2019-08_Ningaloo.MP.Monitoring_stereoBRUVs","Lethrinus nebulosus"
"189","NMP_20190805_OS-7_BRUV",543.27188,"2019-08_Ningaloo.MP.Monitoring_stereoBRUVs","Lethrinus nebulosus"
"190","NMP_20190805_OS-8_BRUV",355.59023,"2019-08_Ningaloo.MP.Monitoring_stereoBRUVs","Lethrinus nebulosus"
"191","NMP_20190805_OS-8_BRUV",328.77819,"2019-08_Ningaloo.MP.Monitoring_stereoBRUVs","Lethrinus nebulosus"
"192","NMP_20190805_OS-8_BRUV",311.46523,"2019-08_Ningaloo.MP.Monitoring_stereoBRUVs","Lethrinus nebulosus"
"193","NMP_20190805_OS-8_BRUV",454.00474,"2019-08_Ningaloo.MP.Monitoring_stereoBRUVs","Lethrinus nebulosus"
"194","NMP_20190805_OS-8_BRUV",465.21564,"2019-08_Ningaloo.MP.Monitoring_stereoBRUVs","Lethrinus nebulosus"
"195","NMP_20190805_OS-8_BRUV",416.70554,"2019-08_Ningaloo.MP.Monitoring_stereoBRUVs","Lethrinus nebulosus"
"196","NMP_20190805_OS-8_BRUV",385.91196,"2019-08_Ningaloo.MP.Monitoring_stereoBRUVs","Lethrinus nebulosus"
"197","NMP_20190805_OS-11_BRUV",493.99558,"2019-08_Ningaloo.MP.Monitoring_stereoBRUVs","Lethrinus nebulosus"
"198","NMP_20190805_OS-11_BRUV",411.34866,"2019-08_Ningaloo.MP.Monitoring_stereoBRUVs","Lethrinus nebulosus"
"199","NMP_20190805_OS-11_BRUV",451.67289,"2019-08_Ningaloo.MP.Monitoring_stereoBRUVs","Lethrinus nebulosus"
"200","NMP_20190805_OS-11_BRUV",355.49156,"2019-08_Ningaloo.MP.Monitoring_stereoBRUVs","Lethrinus nebulosus"
"201","NMP_20190805_OS-15_BRUV",429.38702,"2019-08_Ningaloo.MP.Monitoring_stereoBRUVs","Lethrinus nebulosus"
"202","NMP_20190805_OS-15_BRUV",381.84817,"2019-08_Ningaloo.MP.Monitoring_stereoBRUVs","Lethrinus nebulosus"
"203","NMP_20190805_OS-15_BRUV",301.22722,"2019-08_Ningaloo.MP.Monitoring_stereoBRUVs","Lethrinus nebulosus"
"204","NMP_20190805_OS-15_BRUV",299.76764,"2019-08_Ningaloo.MP.Monitoring_stereoBRUVs","Lethrinus nebulosus"
"205","NMP_20190805_OS-15_BRUV",315.97382,"2019-08_Ningaloo.MP.Monitoring_stereoBRUVs","Lethrinus nebulosus"
"206","NMP_20190805_OS-15_BRUV",285.25723,"2019-08_Ningaloo.MP.Monitoring_stereoBRUVs","Lethrinus nebulosus"
"207","NMP_20190805_OS-20_BRUV",403.2196,"2019-08_Ningaloo.MP.Monitoring_stereoBRUVs","Lethrinus nebulosus"
"208","NMP_20190805_OF-25_BRUV",382.67095,"2019-08_Ningaloo.MP.Monitoring_stereoBRUVs","Lethrinus nebulosus"
"209","NMP_20190805_OF-25_BRUV",444.9339,"2019-08_Ningaloo.MP.Monitoring_stereoBRUVs","Lethrinus nebulosus"
"210","NMP_20190805_OF-26_BRUV",391.4393,"2019-08_Ningaloo.MP.Monitoring_stereoBRUVs","Lethrinus nebulosus"
"211","NMP_20190805_OF-30_BRUV",555.83236,"2019-08_Ningaloo.MP.Monitoring_stereoBRUVs","Lethrinus nebulosus"
"212","NMP_20190805_OF-30_BRUV",548.50591,"2019-08_Ningaloo.MP.Monitoring_stereoBRUVs","Lethrinus nebulosus"
"213","NMP_20190806_OF-31_BRUV",531.20635,"2019-08_Ningaloo.MP.Monitoring_stereoBRUVs","Lethrinus nebulosus"
"214","NMP_20190806_OF-34_BRUV",532.33203,"2019-08_Ningaloo.MP.Monitoring_stereoBRUVs","Lethrinus nebulosus"
"215","NMP_20190806_OF-34_BRUV",504.05588,"2019-08_Ningaloo.MP.Monitoring_stereoBRUVs","Lethrinus nebulosus"
"216","NMP_20190806_OF-34_BRUV",524.79212,"2019-08_Ningaloo.MP.Monitoring_stereoBRUVs","Lethrinus nebulosus"
"217","NMP_20190806_OF-34_BRUV",504.5981,"2019-08_Ningaloo.MP.Monitoring_stereoBRUVs","Lethrinus nebulosus"
"218","NMP_20190806_OF-34_BRUV",494.89565,"2019-08_Ningaloo.MP.Monitoring_stereoBRUVs","Lethrinus nebulosus"
"219","NMP_20190806_OF-38_BRUV",456.58122,"2019-08_Ningaloo.MP.Monitoring_stereoBRUVs","Lethrinus nebulosus"
"220","NMP_20190806_OF-39_BRUV",524.25223,"2019-08_Ningaloo.MP.Monitoring_stereoBRUVs","Lethrinus nebulosus"
"221","NMP_20190806_OF-41_BRUV",522.01027,"2019-08_Ningaloo.MP.Monitoring_stereoBRUVs","Lethrinus nebulosus"
"222","NMP_20190806_OF-41_BRUV",573.45593,"2019-08_Ningaloo.MP.Monitoring_stereoBRUVs","Lethrinus nebulosus"
"223","NMP_20190806_OF-45_BRUV",510.03274,"2019-08_Ningaloo.MP.Monitoring_stereoBRUVs","Lethrinus nebulosus"
"224","NMP_20190806_OF-45_BRUV",521.08711,"2019-08_Ningaloo.MP.Monitoring_stereoBRUVs","Lethrinus nebulosus"
"225","NMP_20190806_CS-1_BRUV",449.39794,"2019-08_Ningaloo.MP.Monitoring_stereoBRUVs","Lethrinus nebulosus"
"226","NMP_20190806_CS-1_BRUV",530.3466,"2019-08_Ningaloo.MP.Monitoring_stereoBRUVs","Lethrinus nebulosus"
"227","NMP_20190806_CS-2_BRUV",535.5291,"2019-08_Ningaloo.MP.Monitoring_stereoBRUVs","Lethrinus nebulosus"
"228","NMP_20190806_CS-2_BRUV",546.11147,"2019-08_Ningaloo.MP.Monitoring_stereoBRUVs","Lethrinus nebulosus"
"229","NMP_20190806_CS-3_BRUV",435.15183,"2019-08_Ningaloo.MP.Monitoring_stereoBRUVs","Lethrinus nebulosus"
"230","NMP_20190806_CS-5_BRUV",546.67857,"2019-08_Ningaloo.MP.Monitoring_stereoBRUVs","Lethrinus nebulosus"
"231","NMP_20190806_CS-15_BRUV",351.19309,"2019-08_Ningaloo.MP.Monitoring_stereoBRUVs","Lethrinus nebulosus"
"232","NMP_20190806_CS-15_BRUV",364.97231,"2019-08_Ningaloo.MP.Monitoring_stereoBRUVs","Lethrinus nebulosus"
"233","NMP_20190806_CS-15_BRUV",340.24122,"2019-08_Ningaloo.MP.Monitoring_stereoBRUVs","Lethrinus nebulosus"
"234","NMP_20190806_CS-15_BRUV",496.66764,"2019-08_Ningaloo.MP.Monitoring_stereoBRUVs","Lethrinus nebulosus"
"235","NMP_20190806_CS-15_BRUV",315.79341,"2019-08_Ningaloo.MP.Monitoring_stereoBRUVs","Lethrinus nebulosus"
"236","NMP_20190806_CS-15_BRUV",333.51307,"2019-08_Ningaloo.MP.Monitoring_stereoBRUVs","Lethrinus nebulosus"
"237","NMP_20190808_PF-2_BRUV",654.90067,"2019-08_Ningaloo.MP.Monitoring_stereoBRUVs","Lethrinus nebulosus"
"238","NMP_20190808_PF-2_BRUV",550.74397,"2019-08_Ningaloo.MP.Monitoring_stereoBRUVs","Lethrinus nebulosus"
"239","NMP_20190808_PF-2_BRUV",527.86117,"2019-08_Ningaloo.MP.Monitoring_stereoBRUVs","Lethrinus nebulosus"
"240","NMP_20190808_PF-2_BRUV",573.52508,"2019-08_Ningaloo.MP.Monitoring_stereoBRUVs","Lethrinus nebulosus"
"241","NMP_20190808_PF-3_BRUV",556.94186,"2019-08_Ningaloo.MP.Monitoring_stereoBRUVs","Lethrinus nebulosus"
"242","NMP_20190808_PF-3_BRUV",576.52162,"2019-08_Ningaloo.MP.Monitoring_stereoBRUVs","Lethrinus nebulosus"
"243","NMP_20190808_PF-4_BRUV",696.55054,"2019-08_Ningaloo.MP.Monitoring_stereoBRUVs","Lethrinus nebulosus"
"244","NMP_20190808_PF-6_BRUV",505.57361,"2019-08_Ningaloo.MP.Monitoring_stereoBRUVs","Lethrinus nebulosus"
"245","NMP_20190808_PF-9_BRUV",502.97019,"2019-08_Ningaloo.MP.Monitoring_stereoBRUVs","Lethrinus nebulosus"
"246","NMP_20190808_PF-9_BRUV",611.66667,"2019-08_Ningaloo.MP.Monitoring_stereoBRUVs","Lethrinus nebulosus"
"247","NMP_20190808_PF-9_BRUV",517.22099,"2019-08_Ningaloo.MP.Monitoring_stereoBRUVs","Lethrinus nebulosus"
"248","NMP_20190808_PF-9_BRUV",428.11094,"2019-08_Ningaloo.MP.Monitoring_stereoBRUVs","Lethrinus nebulosus"
"249","NMP_20190808_PF-9_BRUV",412.10343,"2019-08_Ningaloo.MP.Monitoring_stereoBRUVs","Lethrinus nebulosus"
"250","NMP_20190808_PF-9_BRUV",478.4972,"2019-08_Ningaloo.MP.Monitoring_stereoBRUVs","Lethrinus nebulosus"
"251","NMP_20190808_PF-20_BRUV",552.2816,"2019-08_Ningaloo.MP.Monitoring_stereoBRUVs","Lethrinus nebulosus"
"252","NMP_20190808_PF-20_BRUV",571.62588,"2019-08_Ningaloo.MP.Monitoring_stereoBRUVs","Lethrinus nebulosus"
"253","NMP_20190809_PS-40_BRUV",390.30361,"2019-08_Ningaloo.MP.Monitoring_stereoBRUVs","Lethrinus nebulosus"
"254","NMP_20190809_PS-40_BRUV",427.43411,"2019-08_Ningaloo.MP.Monitoring_stereoBRUVs","Lethrinus nebulosus"
"255","NMP_20190809_PS-40_BRUV",331.77308,"2019-08_Ningaloo.MP.Monitoring_stereoBRUVs","Lethrinus nebulosus"
"256","NMP_20190809_PS-40_BRUV",623.05873,"2019-08_Ningaloo.MP.Monitoring_stereoBRUVs","Lethrinus nebulosus"
"257","NMP_20190810_CF-16_BRUV",451.53707,"2019-08_Ningaloo.MP.Monitoring_stereoBRUVs","Lethrinus nebulosus"
"258","NMP_20190810_CF-16_BRUV",471.84978,"2019-08_Ningaloo.MP.Monitoring_stereoBRUVs","Lethrinus nebulosus"
"259","NMP_20190810_CF-16_BRUV",360.74827,"2019-08_Ningaloo.MP.Monitoring_stereoBRUVs","Lethrinus nebulosus"
"260","NMP_20190810_CF-17_BRUV",606.45772,"2019-08_Ningaloo.MP.Monitoring_stereoBRUVs","Lethrinus nebulosus"
"261","NMP_20190810_CF-17_BRUV",478.66813,"2019-08_Ningaloo.MP.Monitoring_stereoBRUVs","Lethrinus nebulosus"
"262","NMP_20190810_CF-18_BRUV",341.99779,"2019-08_Ningaloo.MP.Monitoring_stereoBRUVs","Lethrinus nebulosus"
"263","NMP_20190810_CF-18_BRUV",413.46121,"2019-08_Ningaloo.MP.Monitoring_stereoBRUVs","Lethrinus nebulosus"
"264","NMP_20190810_CF-19_BRUV",556.87385,"2019-08_Ningaloo.MP.Monitoring_stereoBRUVs","Lethrinus nebulosus"
"265","NMP_20190810_CF-21_BRUV",653.46717,"2019-08_Ningaloo.MP.Monitoring_stereoBRUVs","Lethrinus nebulosus"
"266","NMP_20190810_CF-23_BRUV",526.31904,"2019-08_Ningaloo.MP.Monitoring_stereoBRUVs","Lethrinus nebulosus"
"267","NMP_20190810_CF-23_BRUV",672.74423,"2019-08_Ningaloo.MP.Monitoring_stereoBRUVs","Lethrinus nebulosus"
"268","NMP_20190810_CF-23_BRUV",645.32022,"2019-08_Ningaloo.MP.Monitoring_stereoBRUVs","Lethrinus nebulosus"
"269","NMP_20190810_CS-32_BRUV",409.89436,"2019-08_Ningaloo.MP.Monitoring_stereoBRUVs","Lethrinus nebulosus"
"270","NMP_20190810_CS-37_BRUV",588.32075,"2019-08_Ningaloo.MP.Monitoring_stereoBRUVs","Lethrinus nebulosus"
"271","NMP_20190810_CS-38_BRUV",348.76306,"2019-08_Ningaloo.MP.Monitoring_stereoBRUVs","Lethrinus nebulosus"
"272","NMP_20190810_CS-45_BRUV",450.31541,"2019-08_Ningaloo.MP.Monitoring_stereoBRUVs","Lethrinus nebulosus"
"273","10.14",546.29864,"2019-08_Ningaloo_stereo-BRUVs","Lethrinus nebulosus"
"274","10.14",493.69645,"2019-08_Ningaloo_stereo-BRUVs","Lethrinus nebulosus"
"275","11.01",383.35292,"2019-08_Ningaloo_stereo-BRUVs","Lethrinus nebulosus"
"276","11.02",516.16765,"2019-08_Ningaloo_stereo-BRUVs","Lethrinus nebulosus"
"277","11.02",476.67596,"2019-08_Ningaloo_stereo-BRUVs","Lethrinus nebulosus"
"278","11.03",476.03862,"2019-08_Ningaloo_stereo-BRUVs","Lethrinus nebulosus"
"279","11.05",397.14438,"2019-08_Ningaloo_stereo-BRUVs","Lethrinus nebulosus"
"280","12.02",484.19223,"2019-08_Ningaloo_stereo-BRUVs","Lethrinus nebulosus"
"281","12.03",495.62213,"2019-08_Ningaloo_stereo-BRUVs","Lethrinus nebulosus"
"282","12.03",493.633,"2019-08_Ningaloo_stereo-BRUVs","Lethrinus nebulosus"
"283","12.04",522.16306,"2019-08_Ningaloo_stereo-BRUVs","Lethrinus nebulosus"
"284","12.04",471.05312,"2019-08_Ningaloo_stereo-BRUVs","Lethrinus nebulosus"
"285","14.12",398.80059,"2019-08_Ningaloo_stereo-BRUVs","Lethrinus nebulosus"
"286","17.08",479.02085,"2019-08_Ningaloo_stereo-BRUVs","Lethrinus nebulosus"
"287","18.01",323.30432,"2019-08_Ningaloo_stereo-BRUVs","Lethrinus nebulosus"
"288","18.04",428.58962,"2019-08_Ningaloo_stereo-BRUVs","Lethrinus nebulosus"
"289","2.07",341.39147,"2019-08_Ningaloo_stereo-BRUVs","Lethrinus nebulosus"
"290","2.07",393.4005,"2019-08_Ningaloo_stereo-BRUVs","Lethrinus nebulosus"
"291","2.07",422.35141,"2019-08_Ningaloo_stereo-BRUVs","Lethrinus nebulosus"
"292","30.01",386.94242,"2019-08_Ningaloo_stereo-BRUVs","Lethrinus nebulosus"
"293","30.04",522.26889,"2019-08_Ningaloo_stereo-BRUVs","Lethrinus nebulosus"
"294","31.01",334.96571,"2019-08_Ningaloo_stereo-BRUVs","Lethrinus nebulosus"
"295","31.06",246.43423,"2019-08_Ningaloo_stereo-BRUVs","Lethrinus nebulosus"
"296","6.03",515.37942,"2019-08_Ningaloo_stereo-BRUVs","Lethrinus nebulosus"
"297","7.03",443.3858,"2019-08_Ningaloo_stereo-BRUVs","Lethrinus nebulosus"
"298","7.03",459.62474,"2019-08_Ningaloo_stereo-BRUVs","Lethrinus nebulosus"
"299","7.03",467.99069,"2019-08_Ningaloo_stereo-BRUVs","Lethrinus nebulosus"
"300","8.07",486.64106,"2019-08_Ningaloo_stereo-BRUVs","Lethrinus nebulosus"
"301","8.07",455.38547,"2019-08_Ningaloo_stereo-BRUVs","Lethrinus nebulosus"
"302","11",501.69436,"2022-05_PtCloates_stereo-BRUVS","Lethrinidae Lethrinus nebulosus"
"303","18",460.97062,"2022-05_PtCloates_stereo-BRUVS","Lethrinidae Lethrinus nebulosus"
"304","18",575.95357,"2022-05_PtCloates_stereo-BRUVS","Lethrinidae Lethrinus nebulosus"
"305","20",531.09894,"2022-05_PtCloates_stereo-BRUVS","Lethrinidae Lethrinus nebulosus"
"306","20",531.09894,"2022-05_PtCloates_stereo-BRUVS","Lethrinidae Lethrinus nebulosus"
"307","20",481.27658,"2022-05_PtCloates_stereo-BRUVS","Lethrinidae Lethrinus nebulosus"
"308","20",481.27658,"2022-05_PtCloates_stereo-BRUVS","Lethrinidae Lethrinus nebulosus"
"309","22",567.68864,"2022-05_PtCloates_stereo-BRUVS","Lethrinidae Lethrinus nebulosus"
"310","22",567.68864,"2022-05_PtCloates_stereo-BRUVS","Lethrinidae Lethrinus nebulosus"
"311","26",503.21786,"2022-05_PtCloates_stereo-BRUVS","Lethrinidae Lethrinus nebulosus"
"312","4",491.17234,"2022-05_PtCloates_stereo-BRUVS","Lethrinidae Lethrinus nebulosus"
"313","4",491.17234,"2022-05_PtCloates_stereo-BRUVS","Lethrinidae Lethrinus nebulosus"
"314","45",587.2214,"2022-05_PtCloates_stereo-BRUVS","Lethrinidae Lethrinus nebulosus"
"315","45",587.2214,"2022-05_PtCloates_stereo-BRUVS","Lethrinidae Lethrinus nebulosus"
"316","47",450.89316,"2022-05_PtCloates_stereo-BRUVS","Lethrinidae Lethrinus nebulosus"
"317","47",450.89316,"2022-05_PtCloates_stereo-BRUVS","Lethrinidae Lethrinus nebulosus"
"318","5",462.64894,"2022-05_PtCloates_stereo-BRUVS","Lethrinidae Lethrinus nebulosus"
"319","5",462.64894,"2022-05_PtCloates_stereo-BRUVS","Lethrinidae Lethrinus nebulosus"
"320","50",517.01693,"2022-05_PtCloates_stereo-BRUVS","Lethrinidae Lethrinus nebulosus"
"321","50",517.01693,"2022-05_PtCloates_stereo-BRUVS","Lethrinidae Lethrinus nebulosus"
"322","50",524.6783,"2022-05_PtCloates_stereo-BRUVS","Lethrinidae Lethrinus nebulosus"
"323","50",524.6783,"2022-05_PtCloates_stereo-BRUVS","Lethrinidae Lethrinus nebulosus"
"324","54",468.0881,"2022-05_PtCloates_stereo-BRUVS","Lethrinidae Lethrinus nebulosus"
"325","54",468.0881,"2022-05_PtCloates_stereo-BRUVS","Lethrinidae Lethrinus nebulosus"
"326","55",490.09087,"2022-05_PtCloates_stereo-BRUVS","Lethrinidae Lethrinus nebulosus"
"327","55",490.09087,"2022-05_PtCloates_stereo-BRUVS","Lethrinidae Lethrinus nebulosus"
"328","56",478.34661,"2022-05_PtCloates_stereo-BRUVS","Lethrinidae Lethrinus nebulosus"
"329","56",478.34661,"2022-05_PtCloates_stereo-BRUVS","Lethrinidae Lethrinus nebulosus"
"330","58",504.62344,"2022-05_PtCloates_stereo-BRUVS","Lethrinidae Lethrinus nebulosus"
"331","58",504.62344,"2022-05_PtCloates_stereo-BRUVS","Lethrinidae Lethrinus nebulosus"
"332","60",453.49221,"2022-05_PtCloates_stereo-BRUVS","Lethrinidae Lethrinus nebulosus"
"333","60",453.49221,"2022-05_PtCloates_stereo-BRUVS","Lethrinidae Lethrinus nebulosus"
"334","60",525.75698,"2022-05_PtCloates_stereo-BRUVS","Lethrinidae Lethrinus nebulosus"
"335","60",525.75698,"2022-05_PtCloates_stereo-BRUVS","Lethrinidae Lethrinus nebulosus"
"336","PCB11",502.0684,"2021-08_Pt-Cloates_stereo-BRUVs","Lethrinidae Lethrinus nebulosus"
"337","PCB11",380.89883,"2021-08_Pt-Cloates_stereo-BRUVs","Lethrinidae Lethrinus nebulosus"
"338","PCB11",390.43037,"2021-08_Pt-Cloates_stereo-BRUVs","Lethrinidae Lethrinus nebulosus"
"339","PCB11",483.24929,"2021-08_Pt-Cloates_stereo-BRUVs","Lethrinidae Lethrinus nebulosus"
"340","PCB2",463.9663,"2021-08_Pt-Cloates_stereo-BRUVs","Lethrinidae Lethrinus nebulosus"
"341","PCB21",463.92297,"2021-08_Pt-Cloates_stereo-BRUVs","Lethrinidae Lethrinus nebulosus"
"342","PCB21",463.92297,"2021-08_Pt-Cloates_stereo-BRUVs","Lethrinidae Lethrinus nebulosus"
"343","PCB21",533.54694,"2021-08_Pt-Cloates_stereo-BRUVs","Lethrinidae Lethrinus nebulosus"
"344","PCB21",533.54694,"2021-08_Pt-Cloates_stereo-BRUVs","Lethrinidae Lethrinus nebulosus"
"345","PCB25",452.77609,"2021-08_Pt-Cloates_stereo-BRUVs","Lethrinidae Lethrinus nebulosus"
"346","PCB25",436.84753,"2021-08_Pt-Cloates_stereo-BRUVs","Lethrinidae Lethrinus nebulosus"
"347","PCB25",438.68133,"2021-08_Pt-Cloates_stereo-BRUVs","Lethrinidae Lethrinus nebulosus"
"348","PCB28",516.56513,"2021-08_Pt-Cloates_stereo-BRUVs","Lethrinidae Lethrinus nebulosus"
"349","PCB28",516.56513,"2021-08_Pt-Cloates_stereo-BRUVs","Lethrinidae Lethrinus nebulosus"
"350","PCB28",443.67725,"2021-08_Pt-Cloates_stereo-BRUVs","Lethrinidae Lethrinus nebulosus"
"351","PCB28",443.67725,"2021-08_Pt-Cloates_stereo-BRUVs","Lethrinidae Lethrinus nebulosus"
"352","PCB29",498.26079,"2021-08_Pt-Cloates_stereo-BRUVs","Lethrinidae Lethrinus nebulosus"
"353","PCB3",416.33533,"2021-08_Pt-Cloates_stereo-BRUVs","Lethrinidae Lethrinus nebulosus"
"354","PCB3",416.33533,"2021-08_Pt-Cloates_stereo-BRUVs","Lethrinidae Lethrinus nebulosus"
"355","PCB30",459.3629,"2021-08_Pt-Cloates_stereo-BRUVs","Lethrinidae Lethrinus nebulosus"
"356","PCB30",509.8905,"2021-08_Pt-Cloates_stereo-BRUVs","Lethrinidae Lethrinus nebulosus"
"357","PCB30",526.30067,"2021-08_Pt-Cloates_stereo-BRUVs","Lethrinidae Lethrinus nebulosus"
"358","PCB30",439.56662,"2021-08_Pt-Cloates_stereo-BRUVs","Lethrinidae Lethrinus nebulosus"
"359","PCB30",417.35721,"2021-08_Pt-Cloates_stereo-BRUVs","Lethrinidae Lethrinus nebulosus"
"360","PCB30",477.24217,"2021-08_Pt-Cloates_stereo-BRUVs","Lethrinidae Lethrinus nebulosus"
"361","PCB4",559.70093,"2021-08_Pt-Cloates_stereo-BRUVs","Lethrinidae Lethrinus nebulosus"
"362","PCB9",405.13196,"2021-08_Pt-Cloates_stereo-BRUVs","Lethrinidae Lethrinus nebulosus"
"363","PCB9",405.13196,"2021-08_Pt-Cloates_stereo-BRUVs","Lethrinidae Lethrinus nebulosus"
"364","PCBP1",500.68374,"2021-08_Pt-Cloates_stereo-BRUVs","Lethrinidae Lethrinus nebulosus"
"365","PCBP14",481.62682,"2021-08_Pt-Cloates_stereo-BRUVs","Lethrinidae Lethrinus nebulosus"
"366","PCBP14",531.83541,"2021-08_Pt-Cloates_stereo-BRUVs","Lethrinidae Lethrinus nebulosus"
"367","PCBP16",467.06552,"2021-08_Pt-Cloates_stereo-BRUVs","Lethrinidae Lethrinus nebulosus"
"368","PCBP16",474.9295,"2021-08_Pt-Cloates_stereo-BRUVs","Lethrinidae Lethrinus nebulosus"
"369","PCBP16",449.30298,"2021-08_Pt-Cloates_stereo-BRUVs","Lethrinidae Lethrinus nebulosus"
"370","PCBP18",459.0808,"2021-08_Pt-Cloates_stereo-BRUVs","Lethrinidae Lethrinus nebulosus"
"371","PCBP6",452.04106,"2021-08_Pt-Cloates_stereo-BRUVs","Lethrinidae Lethrinus nebulosus"
"372","PCBP6",467.52027,"2021-08_Pt-Cloates_stereo-BRUVs","Lethrinidae Lethrinus nebulosus"
"373","PCBP6",447.09299,"2021-08_Pt-Cloates_stereo-BRUVs","Lethrinidae Lethrinus nebulosus"
"374","PCBP6",561.3111,"2021-08_Pt-Cloates_stereo-BRUVs","Lethrinidae Lethrinus nebulosus"
"375","PCBP6",572.53767,"2021-08_Pt-Cloates_stereo-BRUVs","Lethrinidae Lethrinus nebulosus"
"376","PCBP6",514.36996,"2021-08_Pt-Cloates_stereo-BRUVs","Lethrinidae Lethrinus nebulosus"
"377","PCBRUV14",472.1866,"2021-08_Pt-Cloates_stereo-BRUVs","Lethrinidae Lethrinus nebulosus"
"378","PCBRUV14",472.1866,"2021-08_Pt-Cloates_stereo-BRUVs","Lethrinidae Lethrinus nebulosus"
"379","PCBRUV18",539.72917,"2021-08_Pt-Cloates_stereo-BRUVs","Lethrinidae Lethrinus nebulosus"
"380","PCBRUV18",539.72917,"2021-08_Pt-Cloates_stereo-BRUVs","Lethrinidae Lethrinus nebulosus"
"381","PCBRUV18",497.73509,"2021-08_Pt-Cloates_stereo-BRUVs","Lethrinidae Lethrinus nebulosus"
"382","PCBRUV18",497.73509,"2021-08_Pt-Cloates_stereo-BRUVs","Lethrinidae Lethrinus nebulosus"
"383","PCBRUV20",477.60851,"2021-08_Pt-Cloates_stereo-BRUVs","Lethrinidae Lethrinus nebulosus"
"384","PCBRUV20",477.60851,"2021-08_Pt-Cloates_stereo-BRUVs","Lethrinidae Lethrinus nebulosus"
"385","PCBRUV22",443.65829,"2021-08_Pt-Cloates_stereo-BRUVs","Lethrinidae Lethrinus nebulosus"
"386","PCBRUV22",443.65829,"2021-08_Pt-Cloates_stereo-BRUVs","Lethrinidae Lethrinus nebulosus"
"387","PCBRUV22",481.75772,"2021-08_Pt-Cloates_stereo-BRUVs","Lethrinidae Lethrinus nebulosus"
"388","PCBRUV22",481.75772,"2021-08_Pt-Cloates_stereo-BRUVs","Lethrinidae Lethrinus nebulosus"
"389","PCBRUV26",442.25504,"2021-08_Pt-Cloates_stereo-BRUVs","Lethrinidae Lethrinus nebulosus"
"390","PCBRUV26",442.25504,"2021-08_Pt-Cloates_stereo-BRUVs","Lethrinidae Lethrinus nebulosus"
"391","PCBRUV7",517.02182,"2021-08_Pt-Cloates_stereo-BRUVs","Lethrinidae Lethrinus nebulosus"
"392","PCBRUV7",517.02182,"2021-08_Pt-Cloates_stereo-BRUVs","Lethrinidae Lethrinus nebulosus"
"393","PCBRUV7",462.45267,"2021-08_Pt-Cloates_stereo-BRUVs","Lethrinidae Lethrinus nebulosus"
"394","PCBRUV7",462.45267,"2021-08_Pt-Cloates_stereo-BRUVs","Lethrinidae Lethrinus nebulosus"
"395","PCBRUV7",430.09894,"2021-08_Pt-Cloates_stereo-BRUVs","Lethrinidae Lethrinus nebulosus"
"396","PCBRUV7",430.09894,"2021-08_Pt-Cloates_stereo-BRUVs","Lethrinidae Lethrinus nebulosus"
"397","PCBRUV8",484.36714,"2021-08_Pt-Cloates_stereo-BRUVs","Lethrinidae Lethrinus nebulosus"
"398","PCBRUV8",484.36714,"2021-08_Pt-Cloates_stereo-BRUVs","Lethrinidae Lethrinus nebulosus"
"399","PCFB15.1",438.94558,"2021-08_PtCloates_BOSS","Lethrinidae Lethrinus nebulosus"
"400","PCFB25",483.06838,"2021-08_PtCloates_BOSS","Lethrinidae Lethrinus nebulosus"
"401","PCPREF4",480.76653,"2021-08_Pt-Cloates_stereo-BRUVs","Lethrinidae Lethrinus nebulosus"
"402","PCPREF4",480.76653,"2021-08_Pt-Cloates_stereo-BRUVs","Lethrinidae Lethrinus nebulosus"
"403","PCPREF4",491.54683,"2021-08_Pt-Cloates_stereo-BRUVs","Lethrinidae Lethrinus nebulosus"
"404","PCPREF4",491.54683,"2021-08_Pt-Cloates_stereo-BRUVs","Lethrinidae Lethrinus nebulosus"
